pmid	Concept Id	Map Score	Score	Semantic Types
216855	C0220787	0.812	0.812	[patf]
216855	C0700198	0.812	0.812	[patf]
216855	C0220787	0.812	0.812	[patf]
216855	C0700198	0.812	0.812	[patf]
216855	C1550147	0.66	0.66	[sbst]
216855	C0041260	1.0	1.0	[aapp, enzy]
216855	C4727483	0.6940000000000001	0.6940000000000001	[comd]
216855	C0220787	0.645	0.645	[patf]
216855	C0700198	0.645	0.645	[patf]
